Red,#ff0000,,,,,
Blue,#0000ff,,,,,
Green,#009900,,,,,
Orange,#ff9900,,,,,
Yellow,#ffff00,,,,,
Pink,#ffcccc,,,,,
Purple,#990099,,,,,
Violet,#9966ff,,,,,
Turquoise,#00cccc,,,,,
Gold,#ffcc00,,,,,
Lime,#00ff00,,,,,
Aqua,#00ffff,,,,,
Navy,#000099,,,,,
Coral,#ff9966,,,,,
Teal,#009999,,,,,
Brown,#a8813d,,,,,
White,#ffffff,,,,,
Black,#000000,,,,,
Grey,#999999,,,,,
Baby Blue,#ccffff,,,,,
Light Grey,#cccccc,,,,,
Light Green,#99ff99,,,,,
Rose Gold,#ffcc99,,,,,
Forest Green,#336633,,,,,
Beige,#ffffcc,,,,,
Hot Pink,#ff66cc,,,,,
Pale Yellow,#ffff99,,,,,
Maroon,#990033,,,,,
Red-Orange,#cc3300,,,,,
Light Grey,#cccccc,,,,,
Slate,#333333,,,,,
Red\Blue,#ff0000,#0000ff,,,,
Red\Green,#ff0000,#009900,,,,
Red\Orange,#ff0000,#ff9900,,,,
Red\Yellow,#ff0000,#ffff00,,,,
Red\Pink,#ff0000,#ffcccc,,,,
Red\Purple,#ff0000,#990099,,,,
Red\Violet,#ff0000,#9966ff,,,,
Red\Turquoise,#ff0000,#00cccc,,,,
Red\Gold,#ff0000,#ffcc00,,,,
Red\Lime,#ff0000,#00ff00,,,,
Red\Aqua,#ff0000,#00ffff,,,,
Red\Navy,#ff0000,#000099,,,,
Red\Coral,#ff0000,#ff9966,,,,
Red\Teal,#ff0000,#009999,,,,
Red\Brown,#ff0000,#a8813d,,,,
Red\White,#ff0000,#ffffff,,,,
Red\Black,#ff0000,#000000,,,,
Red\Grey,#ff0000,#999999,,,,
Red\Baby Blue,#ff0000,#ccffff,,,,
Red\Light Grey,#ff0000,#cccccc,,,,
Red\Light Green,#ff0000,#99ff99,,,,
Red\Rose Gold,#ff0000,#ffcc99,,,,
Red\Forest Green,#ff0000,#336633,,,,
Red\Beige,#ff0000,#ffffcc,,,,
Red\Hot Pink,#ff0000,#ff66cc,,,,
Red\Pale Yellow,#ff0000,#ffff99,,,,
Red\Maroon,#ff0000,#990033,,,,
Red\Red-Orange,#ff0000,#cc3300,,,,
Red\Light Grey,#ff0000,#cccccc,,,,
Red\Slate,#ff0000,#333333,,,,
Blue\Red,#0000ff,#ff0000,,,,
Blue\Green,#0000ff,#009900,,,,
Blue\Orange,#0000ff,#ff9900,,,,
Blue\Yellow,#0000ff,#ffff00,,,,
Blue\Pink,#0000ff,#ffcccc,,,,
Blue\Purple,#0000ff,#990099,,,,
Blue\Violet,#0000ff,#9966ff,,,,
Blue\Turquoise,#0000ff,#00cccc,,,,
Blue\Gold,#0000ff,#ffcc00,,,,
Blue\Lime,#0000ff,#00ff00,,,,
Blue\Aqua,#0000ff,#00ffff,,,,
Blue\Navy,#0000ff,#000099,,,,
Blue\Coral,#0000ff,#ff9966,,,,
Blue\Teal,#0000ff,#009999,,,,
Blue\Brown,#0000ff,#a8813d,,,,
Blue\White,#0000ff,#ffffff,,,,
Blue\Black,#0000ff,#000000,,,,
Blue\Grey,#0000ff,#999999,,,,
Blue\Baby Blue,#0000ff,#ccffff,,,,
Blue\Light Grey,#0000ff,#cccccc,,,,
Blue\Light Green,#0000ff,#99ff99,,,,
Blue\Rose Gold,#0000ff,#ffcc99,,,,
Blue\Forest Green,#0000ff,#336633,,,,
Blue\Beige,#0000ff,#ffffcc,,,,
Blue\Hot Pink,#0000ff,#ff66cc,,,,
Blue\Pale Yellow,#0000ff,#ffff99,,,,
Blue\Maroon,#0000ff,#990033,,,,
Blue\Red-Orange,#0000ff,#cc3300,,,,
Blue\Light Grey,#0000ff,#cccccc,,,,
Blue\Slate,#0000ff,#333333,,,,
Green\Red,#009900,#ff0000,,,,
Green\Blue,#009900,#0000ff,,,,
Green\Orange,#009900,#ff9900,,,,
Green\Yellow,#009900,#ffff00,,,,
Green\Pink,#009900,#ffcccc,,,,
Green\Purple,#009900,#990099,,,,
Green\Violet,#009900,#9966ff,,,,
Green\Turquoise,#009900,#00cccc,,,,
Green\Gold,#009900,#ffcc00,,,,
Green\Lime,#009900,#00ff00,,,,
Green\Aqua,#009900,#00ffff,,,,
Green\Navy,#009900,#000099,,,,
Green\Coral,#009900,#ff9966,,,,
Green\Teal,#009900,#009999,,,,
Green\Brown,#009900,#a8813d,,,,
Green\White,#009900,#ffffff,,,,
Green\Black,#009900,#000000,,,,
Green\Grey,#009900,#999999,,,,
Green\Baby Blue,#009900,#ccffff,,,,
Green\Light Grey,#009900,#cccccc,,,,
Green\Light Green,#009900,#99ff99,,,,
Green\Rose Gold,#009900,#ffcc99,,,,
Green\Forest Green,#009900,#336633,,,,
Green\Beige,#009900,#ffffcc,,,,
Green\Hot Pink,#009900,#ff66cc,,,,
Green\Pale Yellow,#009900,#ffff99,,,,
Green\Maroon,#009900,#990033,,,,
Green\Red-Orange,#009900,#cc3300,,,,
Green\Light Grey,#009900,#cccccc,,,,
Green\Slate,#009900,#333333,,,,
Orange\Red,#ff9900,#ff0000,,,,
Orange\Blue,#ff9900,#0000ff,,,,
Orange\Green,#ff9900,#009900,,,,
Orange\Yellow,#ff9900,#ffff00,,,,
Orange\Pink,#ff9900,#ffcccc,,,,
Orange\Purple,#ff9900,#990099,,,,
Orange\Violet,#ff9900,#9966ff,,,,
Orange\Turquoise,#ff9900,#00cccc,,,,
Orange\Gold,#ff9900,#ffcc00,,,,
Orange\Lime,#ff9900,#00ff00,,,,
Orange\Aqua,#ff9900,#00ffff,,,,
Orange\Navy,#ff9900,#000099,,,,
Orange\Coral,#ff9900,#ff9966,,,,
Orange\Teal,#ff9900,#009999,,,,
Orange\Brown,#ff9900,#a8813d,,,,
Orange\White,#ff9900,#ffffff,,,,
Orange\Black,#ff9900,#000000,,,,
Orange\Grey,#ff9900,#999999,,,,
Orange\Baby Blue,#ff9900,#ccffff,,,,
Orange\Light Grey,#ff9900,#cccccc,,,,
Orange\Light Green,#ff9900,#99ff99,,,,
Orange\Rose Gold,#ff9900,#ffcc99,,,,
Orange\Forest Green,#ff9900,#336633,,,,
Orange\Beige,#ff9900,#ffffcc,,,,
Orange\Hot Pink,#ff9900,#ff66cc,,,,
Orange\Pale Yellow,#ff9900,#ffff99,,,,
Orange\Maroon,#ff9900,#990033,,,,
Orange\Red-Orange,#ff9900,#cc3300,,,,
Orange\Light Grey,#ff9900,#cccccc,,,,
Orange\Slate,#ff9900,#333333,,,,
Yellow\Red,#ffff00,#ff0000,,,,
Yellow\Blue,#ffff00,#0000ff,,,,
Yellow\Green,#ffff00,#009900,,,,
Yellow\Orange,#ffff00,#ff9900,,,,
Yellow\Pink,#ffff00,#ffcccc,,,,
Yellow\Purple,#ffff00,#990099,,,,
Yellow\Violet,#ffff00,#9966ff,,,,
Yellow\Turquoise,#ffff00,#00cccc,,,,
Yellow\Gold,#ffff00,#ffcc00,,,,
Yellow\Lime,#ffff00,#00ff00,,,,
Yellow\Aqua,#ffff00,#00ffff,,,,
Yellow\Navy,#ffff00,#000099,,,,
Yellow\Coral,#ffff00,#ff9966,,,,
Yellow\Teal,#ffff00,#009999,,,,
Yellow\Brown,#ffff00,#a8813d,,,,
Yellow\White,#ffff00,#ffffff,,,,
Yellow\Black,#ffff00,#000000,,,,
Yellow\Grey,#ffff00,#999999,,,,
Yellow\Baby Blue,#ffff00,#ccffff,,,,
Yellow\Light Grey,#ffff00,#cccccc,,,,
Yellow\Light Green,#ffff00,#99ff99,,,,
Yellow\Rose Gold,#ffff00,#ffcc99,,,,
Yellow\Forest Green,#ffff00,#336633,,,,
Yellow\Beige,#ffff00,#ffffcc,,,,
Yellow\Hot Pink,#ffff00,#ff66cc,,,,
Yellow\Pale Yellow,#ffff00,#ffff99,,,,
Yellow\Maroon,#ffff00,#990033,,,,
Yellow\Red-Orange,#ffff00,#cc3300,,,,
Yellow\Light Grey,#ffff00,#cccccc,,,,
Yellow\Slate,#ffff00,#333333,,,,
Pink\Red,#ffcccc,#ff0000,,,,
Pink\Blue,#ffcccc,#0000ff,,,,
Pink\Green,#ffcccc,#009900,,,,
Pink\Orange,#ffcccc,#ff9900,,,,
Pink\Yellow,#ffcccc,#ffff00,,,,
Pink\Purple,#ffcccc,#990099,,,,
Pink\Violet,#ffcccc,#9966ff,,,,
Pink\Turquoise,#ffcccc,#00cccc,,,,
Pink\Gold,#ffcccc,#ffcc00,,,,
Pink\Lime,#ffcccc,#00ff00,,,,
Pink\Aqua,#ffcccc,#00ffff,,,,
Pink\Navy,#ffcccc,#000099,,,,
Pink\Coral,#ffcccc,#ff9966,,,,
Pink\Teal,#ffcccc,#009999,,,,
Pink\Brown,#ffcccc,#a8813d,,,,
Pink\White,#ffcccc,#ffffff,,,,
Pink\Black,#ffcccc,#000000,,,,
Pink\Grey,#ffcccc,#999999,,,,
Pink\Baby Blue,#ffcccc,#ccffff,,,,
Pink\Light Grey,#ffcccc,#cccccc,,,,
Pink\Light Green,#ffcccc,#99ff99,,,,
Pink\Rose Gold,#ffcccc,#ffcc99,,,,
Pink\Forest Green,#ffcccc,#336633,,,,
Pink\Beige,#ffcccc,#ffffcc,,,,
Pink\Hot Pink,#ffcccc,#ff66cc,,,,
Pink\Pale Yellow,#ffcccc,#ffff99,,,,
Pink\Maroon,#ffcccc,#990033,,,,
Pink\Red-Orange,#ffcccc,#cc3300,,,,
Pink\Light Grey,#ffcccc,#cccccc,,,,
Pink\Slate,#ffcccc,#333333,,,,
Purple\Red,#990099,#ff0000,,,,
Purple\Blue,#990099,#0000ff,,,,
Purple\Green,#990099,#009900,,,,
Purple\Orange,#990099,#ff9900,,,,
Purple\Yellow,#990099,#ffff00,,,,
Purple\Pink,#990099,#ffcccc,,,,
Purple\Violet,#990099,#9966ff,,,,
Purple\Turquoise,#990099,#00cccc,,,,
Purple\Gold,#990099,#ffcc00,,,,
Purple\Lime,#990099,#00ff00,,,,
Purple\Aqua,#990099,#00ffff,,,,
Purple\Navy,#990099,#000099,,,,
Purple\Coral,#990099,#ff9966,,,,
Purple\Teal,#990099,#009999,,,,
Purple\Brown,#990099,#a8813d,,,,
Purple\White,#990099,#ffffff,,,,
Purple\Black,#990099,#000000,,,,
Purple\Grey,#990099,#999999,,,,
Purple\Baby Blue,#990099,#ccffff,,,,
Purple\Light Grey,#990099,#cccccc,,,,
Purple\Light Green,#990099,#99ff99,,,,
Purple\Rose Gold,#990099,#ffcc99,,,,
Purple\Forest Green,#990099,#336633,,,,
Purple\Beige,#990099,#ffffcc,,,,
Purple\Hot Pink,#990099,#ff66cc,,,,
Purple\Pale Yellow,#990099,#ffff99,,,,
Purple\Maroon,#990099,#990033,,,,
Purple\Red-Orange,#990099,#cc3300,,,,
Purple\Light Grey,#990099,#cccccc,,,,
Purple\Slate,#990099,#333333,,,,
Violet\Red,#9966ff,#ff0000,,,,
Violet\Blue,#9966ff,#0000ff,,,,
Violet\Green,#9966ff,#009900,,,,
Violet\Orange,#9966ff,#ff9900,,,,
Violet\Yellow,#9966ff,#ffff00,,,,
Violet\Pink,#9966ff,#ffcccc,,,,
Violet\Purple,#9966ff,#990099,,,,
Violet\Turquoise,#9966ff,#00cccc,,,,
Violet\Gold,#9966ff,#ffcc00,,,,
Violet\Lime,#9966ff,#00ff00,,,,
Violet\Aqua,#9966ff,#00ffff,,,,
Violet\Navy,#9966ff,#000099,,,,
Violet\Coral,#9966ff,#ff9966,,,,
Violet\Teal,#9966ff,#009999,,,,
Violet\Brown,#9966ff,#a8813d,,,,
Violet\White,#9966ff,#ffffff,,,,
Violet\Black,#9966ff,#000000,,,,
Violet\Grey,#9966ff,#999999,,,,
Violet\Baby Blue,#9966ff,#ccffff,,,,
Violet\Light Grey,#9966ff,#cccccc,,,,
Violet\Light Green,#9966ff,#99ff99,,,,
Violet\Rose Gold,#9966ff,#ffcc99,,,,
Violet\Forest Green,#9966ff,#336633,,,,
Violet\Beige,#9966ff,#ffffcc,,,,
Violet\Hot Pink,#9966ff,#ff66cc,,,,
Violet\Pale Yellow,#9966ff,#ffff99,,,,
Violet\Maroon,#9966ff,#990033,,,,
Violet\Red-Orange,#9966ff,#cc3300,,,,
Violet\Light Grey,#9966ff,#cccccc,,,,
Violet\Slate,#9966ff,#333333,,,,
Turquoise\Red,#00cccc,#ff0000,,,,
Turquoise\Blue,#00cccc,#0000ff,,,,
Turquoise\Green,#00cccc,#009900,,,,
Turquoise\Orange,#00cccc,#ff9900,,,,
Turquoise\Yellow,#00cccc,#ffff00,,,,
Turquoise\Pink,#00cccc,#ffcccc,,,,
Turquoise\Purple,#00cccc,#990099,,,,
Turquoise\Violet,#00cccc,#9966ff,,,,
Turquoise\Gold,#00cccc,#ffcc00,,,,
Turquoise\Lime,#00cccc,#00ff00,,,,
Turquoise\Aqua,#00cccc,#00ffff,,,,
Turquoise\Navy,#00cccc,#000099,,,,
Turquoise\Coral,#00cccc,#ff9966,,,,
Turquoise\Teal,#00cccc,#009999,,,,
Turquoise\Brown,#00cccc,#a8813d,,,,
Turquoise\White,#00cccc,#ffffff,,,,
Turquoise\Black,#00cccc,#000000,,,,
Turquoise\Grey,#00cccc,#999999,,,,
Turquoise\Baby Blue,#00cccc,#ccffff,,,,
Turquoise\Light Grey,#00cccc,#cccccc,,,,
Turquoise\Light Green,#00cccc,#99ff99,,,,
Turquoise\Rose Gold,#00cccc,#ffcc99,,,,
Turquoise\Forest Green,#00cccc,#336633,,,,
Turquoise\Beige,#00cccc,#ffffcc,,,,
Turquoise\Hot Pink,#00cccc,#ff66cc,,,,
Turquoise\Pale Yellow,#00cccc,#ffff99,,,,
Turquoise\Maroon,#00cccc,#990033,,,,
Turquoise\Red-Orange,#00cccc,#cc3300,,,,
Turquoise\Light Grey,#00cccc,#cccccc,,,,
Turquoise\Slate,#00cccc,#333333,,,,
Gold\Red,#ffcc00,#ff0000,,,,
Gold\Blue,#ffcc00,#0000ff,,,,
Gold\Green,#ffcc00,#009900,,,,
Gold\Orange,#ffcc00,#ff9900,,,,
Gold\Yellow,#ffcc00,#ffff00,,,,
Gold\Pink,#ffcc00,#ffcccc,,,,
Gold\Purple,#ffcc00,#990099,,,,
Gold\Violet,#ffcc00,#9966ff,,,,
Gold\Turquoise,#ffcc00,#00cccc,,,,
Gold\Lime,#ffcc00,#00ff00,,,,
Gold\Aqua,#ffcc00,#00ffff,,,,
Gold\Navy,#ffcc00,#000099,,,,
Gold\Coral,#ffcc00,#ff9966,,,,
Gold\Teal,#ffcc00,#009999,,,,
Gold\Brown,#ffcc00,#a8813d,,,,
Gold\White,#ffcc00,#ffffff,,,,
Gold\Black,#ffcc00,#000000,,,,
Gold\Grey,#ffcc00,#999999,,,,
Gold\Baby Blue,#ffcc00,#ccffff,,,,
Gold\Light Grey,#ffcc00,#cccccc,,,,
Gold\Light Green,#ffcc00,#99ff99,,,,
Gold\Rose Gold,#ffcc00,#ffcc99,,,,
Gold\Forest Green,#ffcc00,#336633,,,,
Gold\Beige,#ffcc00,#ffffcc,,,,
Gold\Hot Pink,#ffcc00,#ff66cc,,,,
Gold\Pale Yellow,#ffcc00,#ffff99,,,,
Gold\Maroon,#ffcc00,#990033,,,,
Gold\Red-Orange,#ffcc00,#cc3300,,,,
Gold\Light Grey,#ffcc00,#cccccc,,,,
Gold\Slate,#ffcc00,#333333,,,,
Lime\Red,#00ff00,#ff0000,,,,
Lime\Blue,#00ff00,#0000ff,,,,
Lime\Green,#00ff00,#009900,,,,
Lime\Orange,#00ff00,#ff9900,,,,
Lime\Yellow,#00ff00,#ffff00,,,,
Lime\Pink,#00ff00,#ffcccc,,,,
Lime\Purple,#00ff00,#990099,,,,
Lime\Violet,#00ff00,#9966ff,,,,
Lime\Turquoise,#00ff00,#00cccc,,,,
Lime\Gold,#00ff00,#ffcc00,,,,
Lime\Aqua,#00ff00,#00ffff,,,,
Lime\Navy,#00ff00,#000099,,,,
Lime\Coral,#00ff00,#ff9966,,,,
Lime\Teal,#00ff00,#009999,,,,
Lime\Brown,#00ff00,#a8813d,,,,
Lime\White,#00ff00,#ffffff,,,,
Lime\Black,#00ff00,#000000,,,,
Lime\Grey,#00ff00,#999999,,,,
Lime\Baby Blue,#00ff00,#ccffff,,,,
Lime\Light Grey,#00ff00,#cccccc,,,,
Lime\Light Green,#00ff00,#99ff99,,,,
Lime\Rose Gold,#00ff00,#ffcc99,,,,
Lime\Forest Green,#00ff00,#336633,,,,
Lime\Beige,#00ff00,#ffffcc,,,,
Lime\Hot Pink,#00ff00,#ff66cc,,,,
Lime\Pale Yellow,#00ff00,#ffff99,,,,
Lime\Maroon,#00ff00,#990033,,,,
Lime\Red-Orange,#00ff00,#cc3300,,,,
Lime\Light Grey,#00ff00,#cccccc,,,,
Lime\Slate,#00ff00,#333333,,,,
Aqua\Red,#00ffff,#ff0000,,,,
Aqua\Blue,#00ffff,#0000ff,,,,
Aqua\Green,#00ffff,#009900,,,,
Aqua\Orange,#00ffff,#ff9900,,,,
Aqua\Yellow,#00ffff,#ffff00,,,,
Aqua\Pink,#00ffff,#ffcccc,,,,
Aqua\Purple,#00ffff,#990099,,,,
Aqua\Violet,#00ffff,#9966ff,,,,
Aqua\Turquoise,#00ffff,#00cccc,,,,
Aqua\Gold,#00ffff,#ffcc00,,,,
Aqua\Lime,#00ffff,#00ff00,,,,
Aqua\Navy,#00ffff,#000099,,,,
Aqua\Coral,#00ffff,#ff9966,,,,
Aqua\Teal,#00ffff,#009999,,,,
Aqua\Brown,#00ffff,#a8813d,,,,
Aqua\White,#00ffff,#ffffff,,,,
Aqua\Black,#00ffff,#000000,,,,
Aqua\Grey,#00ffff,#999999,,,,
Aqua\Baby Blue,#00ffff,#ccffff,,,,
Aqua\Light Grey,#00ffff,#cccccc,,,,
Aqua\Light Green,#00ffff,#99ff99,,,,
Aqua\Rose Gold,#00ffff,#ffcc99,,,,
Aqua\Forest Green,#00ffff,#336633,,,,
Aqua\Beige,#00ffff,#ffffcc,,,,
Aqua\Hot Pink,#00ffff,#ff66cc,,,,
Aqua\Pale Yellow,#00ffff,#ffff99,,,,
Aqua\Maroon,#00ffff,#990033,,,,
Aqua\Red-Orange,#00ffff,#cc3300,,,,
Aqua\Light Grey,#00ffff,#cccccc,,,,
Aqua\Slate,#00ffff,#333333,,,,
Navy\Red,#000099,#ff0000,,,,
Navy\Blue,#000099,#0000ff,,,,
Navy\Green,#000099,#009900,,,,
Navy\Orange,#000099,#ff9900,,,,
Navy\Yellow,#000099,#ffff00,,,,
Navy\Pink,#000099,#ffcccc,,,,
Navy\Purple,#000099,#990099,,,,
Navy\Violet,#000099,#9966ff,,,,
Navy\Turquoise,#000099,#00cccc,,,,
Navy\Gold,#000099,#ffcc00,,,,
Navy\Lime,#000099,#00ff00,,,,
Navy\Aqua,#000099,#00ffff,,,,
Navy\Coral,#000099,#ff9966,,,,
Navy\Teal,#000099,#009999,,,,
Navy\Brown,#000099,#a8813d,,,,
Navy\White,#000099,#ffffff,,,,
Navy\Black,#000099,#000000,,,,
Navy\Grey,#000099,#999999,,,,
Navy\Baby Blue,#000099,#ccffff,,,,
Navy\Light Grey,#000099,#cccccc,,,,
Navy\Light Green,#000099,#99ff99,,,,
Navy\Rose Gold,#000099,#ffcc99,,,,
Navy\Forest Green,#000099,#336633,,,,
Navy\Beige,#000099,#ffffcc,,,,
Navy\Hot Pink,#000099,#ff66cc,,,,
Navy\Pale Yellow,#000099,#ffff99,,,,
Navy\Maroon,#000099,#990033,,,,
Navy\Red-Orange,#000099,#cc3300,,,,
Navy\Light Grey,#000099,#cccccc,,,,
Navy\Slate,#000099,#333333,,,,
Coral\Red,#ff9966,#ff0000,,,,
Coral\Blue,#ff9966,#0000ff,,,,
Coral\Green,#ff9966,#009900,,,,
Coral\Orange,#ff9966,#ff9900,,,,
Coral\Yellow,#ff9966,#ffff00,,,,
Coral\Pink,#ff9966,#ffcccc,,,,
Coral\Purple,#ff9966,#990099,,,,
Coral\Violet,#ff9966,#9966ff,,,,
Coral\Turquoise,#ff9966,#00cccc,,,,
Coral\Gold,#ff9966,#ffcc00,,,,
Coral\Lime,#ff9966,#00ff00,,,,
Coral\Aqua,#ff9966,#00ffff,,,,
Coral\Navy,#ff9966,#000099,,,,
Coral\Teal,#ff9966,#009999,,,,
Coral\Brown,#ff9966,#a8813d,,,,
Coral\White,#ff9966,#ffffff,,,,
Coral\Black,#ff9966,#000000,,,,
Coral\Grey,#ff9966,#999999,,,,
Coral\Baby Blue,#ff9966,#ccffff,,,,
Coral\Light Grey,#ff9966,#cccccc,,,,
Coral\Light Green,#ff9966,#99ff99,,,,
Coral\Rose Gold,#ff9966,#ffcc99,,,,
Coral\Forest Green,#ff9966,#336633,,,,
Coral\Beige,#ff9966,#ffffcc,,,,
Coral\Hot Pink,#ff9966,#ff66cc,,,,
Coral\Pale Yellow,#ff9966,#ffff99,,,,
Coral\Maroon,#ff9966,#990033,,,,
Coral\Red-Orange,#ff9966,#cc3300,,,,
Coral\Light Grey,#ff9966,#cccccc,,,,
Coral\Slate,#ff9966,#333333,,,,
Teal\Red,#009999,#ff0000,,,,
Teal\Blue,#009999,#0000ff,,,,
Teal\Green,#009999,#009900,,,,
Teal\Orange,#009999,#ff9900,,,,
Teal\Yellow,#009999,#ffff00,,,,
Teal\Pink,#009999,#ffcccc,,,,
Teal\Purple,#009999,#990099,,,,
Teal\Violet,#009999,#9966ff,,,,
Teal\Turquoise,#009999,#00cccc,,,,
Teal\Gold,#009999,#ffcc00,,,,
Teal\Lime,#009999,#00ff00,,,,
Teal\Aqua,#009999,#00ffff,,,,
Teal\Navy,#009999,#000099,,,,
Teal\Coral,#009999,#ff9966,,,,
Teal\Brown,#009999,#a8813d,,,,
Teal\White,#009999,#ffffff,,,,
Teal\Black,#009999,#000000,,,,
Teal\Grey,#009999,#999999,,,,
Teal\Baby Blue,#009999,#ccffff,,,,
Teal\Light Grey,#009999,#cccccc,,,,
Teal\Light Green,#009999,#99ff99,,,,
Teal\Rose Gold,#009999,#ffcc99,,,,
Teal\Forest Green,#009999,#336633,,,,
Teal\Beige,#009999,#ffffcc,,,,
Teal\Hot Pink,#009999,#ff66cc,,,,
Teal\Pale Yellow,#009999,#ffff99,,,,
Teal\Maroon,#009999,#990033,,,,
Teal\Red-Orange,#009999,#cc3300,,,,
Teal\Light Grey,#009999,#cccccc,,,,
Teal\Slate,#009999,#333333,,,,
Brown\Red,#a8813d,#ff0000,,,,
Brown\Blue,#a8813d,#0000ff,,,,
Brown\Green,#a8813d,#009900,,,,
Brown\Orange,#a8813d,#ff9900,,,,
Brown\Yellow,#a8813d,#ffff00,,,,
Brown\Pink,#a8813d,#ffcccc,,,,
Brown\Purple,#a8813d,#990099,,,,
Brown\Violet,#a8813d,#9966ff,,,,
Brown\Turquoise,#a8813d,#00cccc,,,,
Brown\Gold,#a8813d,#ffcc00,,,,
Brown\Lime,#a8813d,#00ff00,,,,
Brown\Aqua,#a8813d,#00ffff,,,,
Brown\Navy,#a8813d,#000099,,,,
Brown\Coral,#a8813d,#ff9966,,,,
Brown\Teal,#a8813d,#009999,,,,
Brown\White,#a8813d,#ffffff,,,,
Brown\Black,#a8813d,#000000,,,,
Brown\Grey,#a8813d,#999999,,,,
Brown\Baby Blue,#a8813d,#ccffff,,,,
Brown\Light Grey,#a8813d,#cccccc,,,,
Brown\Light Green,#a8813d,#99ff99,,,,
Brown\Rose Gold,#a8813d,#ffcc99,,,,
Brown\Forest Green,#a8813d,#336633,,,,
Brown\Beige,#a8813d,#ffffcc,,,,
Brown\Hot Pink,#a8813d,#ff66cc,,,,
Brown\Pale Yellow,#a8813d,#ffff99,,,,
Brown\Maroon,#a8813d,#990033,,,,
Brown\Red-Orange,#a8813d,#cc3300,,,,
Brown\Light Grey,#a8813d,#cccccc,,,,
Brown\Slate,#a8813d,#333333,,,,
White\Red,#ffffff,#ff0000,,,,
White\Blue,#ffffff,#0000ff,,,,
White\Green,#ffffff,#009900,,,,
White\Orange,#ffffff,#ff9900,,,,
White\Yellow,#ffffff,#ffff00,,,,
White\Pink,#ffffff,#ffcccc,,,,
White\Purple,#ffffff,#990099,,,,
White\Violet,#ffffff,#9966ff,,,,
White\Turquoise,#ffffff,#00cccc,,,,
White\Gold,#ffffff,#ffcc00,,,,
White\Lime,#ffffff,#00ff00,,,,
White\Aqua,#ffffff,#00ffff,,,,
White\Navy,#ffffff,#000099,,,,
White\Coral,#ffffff,#ff9966,,,,
White\Teal,#ffffff,#009999,,,,
White\Brown,#ffffff,#a8813d,,,,
White\Black,#ffffff,#000000,,,,
White\Grey,#ffffff,#999999,,,,
White\Baby Blue,#ffffff,#ccffff,,,,
White\Light Grey,#ffffff,#cccccc,,,,
White\Light Green,#ffffff,#99ff99,,,,
White\Rose Gold,#ffffff,#ffcc99,,,,
White\Forest Green,#ffffff,#336633,,,,
White\Beige,#ffffff,#ffffcc,,,,
White\Hot Pink,#ffffff,#ff66cc,,,,
White\Pale Yellow,#ffffff,#ffff99,,,,
White\Maroon,#ffffff,#990033,,,,
White\Red-Orange,#ffffff,#cc3300,,,,
White\Light Grey,#ffffff,#cccccc,,,,
White\Slate,#ffffff,#333333,,,,
Black\Red,#000000,#ff0000,,,,
Black\Blue,#000000,#0000ff,,,,
Black\Green,#000000,#009900,,,,
Black\Orange,#000000,#ff9900,,,,
Black\Yellow,#000000,#ffff00,,,,
Black\Pink,#000000,#ffcccc,,,,
Black\Purple,#000000,#990099,,,,
Black\Violet,#000000,#9966ff,,,,
Black\Turquoise,#000000,#00cccc,,,,
Black\Gold,#000000,#ffcc00,,,,
Black\Lime,#000000,#00ff00,,,,
Black\Aqua,#000000,#00ffff,,,,
Black\Navy,#000000,#000099,,,,
Black\Coral,#000000,#ff9966,,,,
Black\Teal,#000000,#009999,,,,
Black\Brown,#000000,#a8813d,,,,
Black\White,#000000,#ffffff,,,,
Black\Grey,#000000,#999999,,,,
Black\Baby Blue,#000000,#ccffff,,,,
Black\Light Grey,#000000,#cccccc,,,,
Black\Light Green,#000000,#99ff99,,,,
Black\Rose Gold,#000000,#ffcc99,,,,
Black\Forest Green,#000000,#336633,,,,
Black\Beige,#000000,#ffffcc,,,,
Black\Hot Pink,#000000,#ff66cc,,,,
Black\Pale Yellow,#000000,#ffff99,,,,
Black\Maroon,#000000,#990033,,,,
Black\Red-Orange,#000000,#cc3300,,,,
Black\Light Grey,#000000,#cccccc,,,,
Black\Slate,#000000,#333333,,,,
Grey\Red,#999999,#ff0000,,,,
Grey\Blue,#999999,#0000ff,,,,
Grey\Green,#999999,#009900,,,,
Grey\Orange,#999999,#ff9900,,,,
Grey\Yellow,#999999,#ffff00,,,,
Grey\Pink,#999999,#ffcccc,,,,
Grey\Purple,#999999,#990099,,,,
Grey\Violet,#999999,#9966ff,,,,
Grey\Turquoise,#999999,#00cccc,,,,
Grey\Gold,#999999,#ffcc00,,,,
Grey\Lime,#999999,#00ff00,,,,
Grey\Aqua,#999999,#00ffff,,,,
Grey\Navy,#999999,#000099,,,,
Grey\Coral,#999999,#ff9966,,,,
Grey\Teal,#999999,#009999,,,,
Grey\Brown,#999999,#a8813d,,,,
Grey\White,#999999,#ffffff,,,,
Grey\Black,#999999,#000000,,,,
Grey\Baby Blue,#999999,#ccffff,,,,
Grey\Light Grey,#999999,#cccccc,,,,
Grey\Light Green,#999999,#99ff99,,,,
Grey\Rose Gold,#999999,#ffcc99,,,,
Grey\Forest Green,#999999,#336633,,,,
Grey\Beige,#999999,#ffffcc,,,,
Grey\Hot Pink,#999999,#ff66cc,,,,
Grey\Pale Yellow,#999999,#ffff99,,,,
Grey\Maroon,#999999,#990033,,,,
Grey\Red-Orange,#999999,#cc3300,,,,
Grey\Light Grey,#999999,#cccccc,,,,
Grey\Slate,#999999,#333333,,,,
Baby Blue\Red,#ccffff,#ff0000,,,,
Baby Blue\Blue,#ccffff,#0000ff,,,,
Baby Blue\Green,#ccffff,#009900,,,,
Baby Blue\Orange,#ccffff,#ff9900,,,,
Baby Blue\Yellow,#ccffff,#ffff00,,,,
Baby Blue\Pink,#ccffff,#ffcccc,,,,
Baby Blue\Purple,#ccffff,#990099,,,,
Baby Blue\Violet,#ccffff,#9966ff,,,,
Baby Blue\Turquoise,#ccffff,#00cccc,,,,
Baby Blue\Gold,#ccffff,#ffcc00,,,,
Baby Blue\Lime,#ccffff,#00ff00,,,,
Baby Blue\Aqua,#ccffff,#00ffff,,,,
Baby Blue\Navy,#ccffff,#000099,,,,
Baby Blue\Coral,#ccffff,#ff9966,,,,
Baby Blue\Teal,#ccffff,#009999,,,,
Baby Blue\Brown,#ccffff,#a8813d,,,,
Baby Blue\White,#ccffff,#ffffff,,,,
Baby Blue\Black,#ccffff,#000000,,,,
Baby Blue\Grey,#ccffff,#999999,,,,
Baby Blue\Light Grey,#ccffff,#cccccc,,,,
Baby Blue\Light Green,#ccffff,#99ff99,,,,
Baby Blue\Rose Gold,#ccffff,#ffcc99,,,,
Baby Blue\Forest Green,#ccffff,#336633,,,,
Baby Blue\Beige,#ccffff,#ffffcc,,,,
Baby Blue\Hot Pink,#ccffff,#ff66cc,,,,
Baby Blue\Pale Yellow,#ccffff,#ffff99,,,,
Baby Blue\Maroon,#ccffff,#990033,,,,
Baby Blue\Red-Orange,#ccffff,#cc3300,,,,
Baby Blue\Light Grey,#ccffff,#cccccc,,,,
Baby Blue\Slate,#ccffff,#333333,,,,
Light Grey\Red,#cccccc,#ff0000,,,,
Light Grey\Blue,#cccccc,#0000ff,,,,
Light Grey\Green,#cccccc,#009900,,,,
Light Grey\Orange,#cccccc,#ff9900,,,,
Light Grey\Yellow,#cccccc,#ffff00,,,,
Light Grey\Pink,#cccccc,#ffcccc,,,,
Light Grey\Purple,#cccccc,#990099,,,,
Light Grey\Violet,#cccccc,#9966ff,,,,
Light Grey\Turquoise,#cccccc,#00cccc,,,,
Light Grey\Gold,#cccccc,#ffcc00,,,,
Light Grey\Lime,#cccccc,#00ff00,,,,
Light Grey\Aqua,#cccccc,#00ffff,,,,
Light Grey\Navy,#cccccc,#000099,,,,
Light Grey\Coral,#cccccc,#ff9966,,,,
Light Grey\Teal,#cccccc,#009999,,,,
Light Grey\Brown,#cccccc,#a8813d,,,,
Light Grey\White,#cccccc,#ffffff,,,,
Light Grey\Black,#cccccc,#000000,,,,
Light Grey\Grey,#cccccc,#999999,,,,
Light Grey\Baby Blue,#cccccc,#ccffff,,,,
Light Grey\Light Green,#cccccc,#99ff99,,,,
Light Grey\Rose Gold,#cccccc,#ffcc99,,,,
Light Grey\Forest Green,#cccccc,#336633,,,,
Light Grey\Beige,#cccccc,#ffffcc,,,,
Light Grey\Hot Pink,#cccccc,#ff66cc,,,,
Light Grey\Pale Yellow,#cccccc,#ffff99,,,,
Light Grey\Maroon,#cccccc,#990033,,,,
Light Grey\Red-Orange,#cccccc,#cc3300,,,,
Light Grey\Light Grey,#cccccc,#cccccc,,,,
Light Grey\Slate,#cccccc,#333333,,,,
Light Green\Red,#99ff99,#ff0000,,,,
Light Green\Blue,#99ff99,#0000ff,,,,
Light Green\Green,#99ff99,#009900,,,,
Light Green\Orange,#99ff99,#ff9900,,,,
Light Green\Yellow,#99ff99,#ffff00,,,,
Light Green\Pink,#99ff99,#ffcccc,,,,
Light Green\Purple,#99ff99,#990099,,,,
Light Green\Violet,#99ff99,#9966ff,,,,
Light Green\Turquoise,#99ff99,#00cccc,,,,
Light Green\Gold,#99ff99,#ffcc00,,,,
Light Green\Lime,#99ff99,#00ff00,,,,
Light Green\Aqua,#99ff99,#00ffff,,,,
Light Green\Navy,#99ff99,#000099,,,,
Light Green\Coral,#99ff99,#ff9966,,,,
Light Green\Teal,#99ff99,#009999,,,,
Light Green\Brown,#99ff99,#a8813d,,,,
Light Green\White,#99ff99,#ffffff,,,,
Light Green\Black,#99ff99,#000000,,,,
Light Green\Grey,#99ff99,#999999,,,,
Light Green\Baby Blue,#99ff99,#ccffff,,,,
Light Green\Light Grey,#99ff99,#cccccc,,,,
Light Green\Rose Gold,#99ff99,#ffcc99,,,,
Light Green\Forest Green,#99ff99,#336633,,,,
Light Green\Beige,#99ff99,#ffffcc,,,,
Light Green\Hot Pink,#99ff99,#ff66cc,,,,
Light Green\Pale Yellow,#99ff99,#ffff99,,,,
Light Green\Maroon,#99ff99,#990033,,,,
Light Green\Red-Orange,#99ff99,#cc3300,,,,
Light Green\Light Grey,#99ff99,#cccccc,,,,
Light Green\Slate,#99ff99,#333333,,,,
Rose Gold\Red,#ffcc99,#ff0000,,,,
Rose Gold\Blue,#ffcc99,#0000ff,,,,
Rose Gold\Green,#ffcc99,#009900,,,,
Rose Gold\Orange,#ffcc99,#ff9900,,,,
Rose Gold\Yellow,#ffcc99,#ffff00,,,,
Rose Gold\Pink,#ffcc99,#ffcccc,,,,
Rose Gold\Purple,#ffcc99,#990099,,,,
Rose Gold\Violet,#ffcc99,#9966ff,,,,
Rose Gold\Turquoise,#ffcc99,#00cccc,,,,
Rose Gold\Gold,#ffcc99,#ffcc00,,,,
Rose Gold\Lime,#ffcc99,#00ff00,,,,
Rose Gold\Aqua,#ffcc99,#00ffff,,,,
Rose Gold\Navy,#ffcc99,#000099,,,,
Rose Gold\Coral,#ffcc99,#ff9966,,,,
Rose Gold\Teal,#ffcc99,#009999,,,,
Rose Gold\Brown,#ffcc99,#a8813d,,,,
Rose Gold\White,#ffcc99,#ffffff,,,,
Rose Gold\Black,#ffcc99,#000000,,,,
Rose Gold\Grey,#ffcc99,#999999,,,,
Rose Gold\Baby Blue,#ffcc99,#ccffff,,,,
Rose Gold\Light Grey,#ffcc99,#cccccc,,,,
Rose Gold\Light Green,#ffcc99,#99ff99,,,,
Rose Gold\Forest Green,#ffcc99,#336633,,,,
Rose Gold\Beige,#ffcc99,#ffffcc,,,,
Rose Gold\Hot Pink,#ffcc99,#ff66cc,,,,
Rose Gold\Pale Yellow,#ffcc99,#ffff99,,,,
Rose Gold\Maroon,#ffcc99,#990033,,,,
Rose Gold\Red-Orange,#ffcc99,#cc3300,,,,
Rose Gold\Light Grey,#ffcc99,#cccccc,,,,
Rose Gold\Slate,#ffcc99,#333333,,,,
Forest Green\Red,#336633,#ff0000,,,,
Forest Green\Blue,#336633,#0000ff,,,,
Forest Green\Green,#336633,#009900,,,,
Forest Green\Orange,#336633,#ff9900,,,,
Forest Green\Yellow,#336633,#ffff00,,,,
Forest Green\Pink,#336633,#ffcccc,,,,
Forest Green\Purple,#336633,#990099,,,,
Forest Green\Violet,#336633,#9966ff,,,,
Forest Green\Turquoise,#336633,#00cccc,,,,
Forest Green\Gold,#336633,#ffcc00,,,,
Forest Green\Lime,#336633,#00ff00,,,,
Forest Green\Aqua,#336633,#00ffff,,,,
Forest Green\Navy,#336633,#000099,,,,
Forest Green\Coral,#336633,#ff9966,,,,
Forest Green\Teal,#336633,#009999,,,,
Forest Green\Brown,#336633,#a8813d,,,,
Forest Green\White,#336633,#ffffff,,,,
Forest Green\Black,#336633,#000000,,,,
Forest Green\Grey,#336633,#999999,,,,
Forest Green\Baby Blue,#336633,#ccffff,,,,
Forest Green\Light Grey,#336633,#cccccc,,,,
Forest Green\Light Green,#336633,#99ff99,,,,
Forest Green\Rose Gold,#336633,#ffcc99,,,,
Forest Green\Beige,#336633,#ffffcc,,,,
Forest Green\Hot Pink,#336633,#ff66cc,,,,
Forest Green\Pale Yellow,#336633,#ffff99,,,,
Forest Green\Maroon,#336633,#990033,,,,
Forest Green\Red-Orange,#336633,#cc3300,,,,
Forest Green\Light Grey,#336633,#cccccc,,,,
Forest Green\Slate,#336633,#333333,,,,
Beige\Red,#ffffcc,#ff0000,,,,
Beige\Blue,#ffffcc,#0000ff,,,,
Beige\Green,#ffffcc,#009900,,,,
Beige\Orange,#ffffcc,#ff9900,,,,
Beige\Yellow,#ffffcc,#ffff00,,,,
Beige\Pink,#ffffcc,#ffcccc,,,,
Beige\Purple,#ffffcc,#990099,,,,
Beige\Violet,#ffffcc,#9966ff,,,,
Beige\Turquoise,#ffffcc,#00cccc,,,,
Beige\Gold,#ffffcc,#ffcc00,,,,
Beige\Lime,#ffffcc,#00ff00,,,,
Beige\Aqua,#ffffcc,#00ffff,,,,
Beige\Navy,#ffffcc,#000099,,,,
Beige\Coral,#ffffcc,#ff9966,,,,
Beige\Teal,#ffffcc,#009999,,,,
Beige\Brown,#ffffcc,#a8813d,,,,
Beige\White,#ffffcc,#ffffff,,,,
Beige\Black,#ffffcc,#000000,,,,
Beige\Grey,#ffffcc,#999999,,,,
Beige\Baby Blue,#ffffcc,#ccffff,,,,
Beige\Light Grey,#ffffcc,#cccccc,,,,
Beige\Light Green,#ffffcc,#99ff99,,,,
Beige\Rose Gold,#ffffcc,#ffcc99,,,,
Beige\Forest Green,#ffffcc,#336633,,,,
Beige\Hot Pink,#ffffcc,#ff66cc,,,,
Beige\Pale Yellow,#ffffcc,#ffff99,,,,
Beige\Maroon,#ffffcc,#990033,,,,
Beige\Red-Orange,#ffffcc,#cc3300,,,,
Beige\Light Grey,#ffffcc,#cccccc,,,,
Beige\Slate,#ffffcc,#333333,,,,
Hot Pink\Red,#ff66cc,#ff0000,,,,
Hot Pink\Blue,#ff66cc,#0000ff,,,,
Hot Pink\Green,#ff66cc,#009900,,,,
Hot Pink\Orange,#ff66cc,#ff9900,,,,
Hot Pink\Yellow,#ff66cc,#ffff00,,,,
Hot Pink\Pink,#ff66cc,#ffcccc,,,,
Hot Pink\Purple,#ff66cc,#990099,,,,
Hot Pink\Violet,#ff66cc,#9966ff,,,,
Hot Pink\Turquoise,#ff66cc,#00cccc,,,,
Hot Pink\Gold,#ff66cc,#ffcc00,,,,
Hot Pink\Lime,#ff66cc,#00ff00,,,,
Hot Pink\Aqua,#ff66cc,#00ffff,,,,
Hot Pink\Navy,#ff66cc,#000099,,,,
Hot Pink\Coral,#ff66cc,#ff9966,,,,
Hot Pink\Teal,#ff66cc,#009999,,,,
Hot Pink\Brown,#ff66cc,#a8813d,,,,
Hot Pink\White,#ff66cc,#ffffff,,,,
Hot Pink\Black,#ff66cc,#000000,,,,
Hot Pink\Grey,#ff66cc,#999999,,,,
Hot Pink\Baby Blue,#ff66cc,#ccffff,,,,
Hot Pink\Light Grey,#ff66cc,#cccccc,,,,
Hot Pink\Light Green,#ff66cc,#99ff99,,,,
Hot Pink\Rose Gold,#ff66cc,#ffcc99,,,,
Hot Pink\Forest Green,#ff66cc,#336633,,,,
Hot Pink\Beige,#ff66cc,#ffffcc,,,,
Hot Pink\Pale Yellow,#ff66cc,#ffff99,,,,
Hot Pink\Maroon,#ff66cc,#990033,,,,
Hot Pink\Red-Orange,#ff66cc,#cc3300,,,,
Hot Pink\Light Grey,#ff66cc,#cccccc,,,,
Hot Pink\Slate,#ff66cc,#333333,,,,
Pale Yellow\Red,#ffff99,#ff0000,,,,
Pale Yellow\Blue,#ffff99,#0000ff,,,,
Pale Yellow\Green,#ffff99,#009900,,,,
Pale Yellow\Orange,#ffff99,#ff9900,,,,
Pale Yellow\Yellow,#ffff99,#ffff00,,,,
Pale Yellow\Pink,#ffff99,#ffcccc,,,,
Pale Yellow\Purple,#ffff99,#990099,,,,
Pale Yellow\Violet,#ffff99,#9966ff,,,,
Pale Yellow\Turquoise,#ffff99,#00cccc,,,,
Pale Yellow\Gold,#ffff99,#ffcc00,,,,
Pale Yellow\Lime,#ffff99,#00ff00,,,,
Pale Yellow\Aqua,#ffff99,#00ffff,,,,
Pale Yellow\Navy,#ffff99,#000099,,,,
Pale Yellow\Coral,#ffff99,#ff9966,,,,
Pale Yellow\Teal,#ffff99,#009999,,,,
Pale Yellow\Brown,#ffff99,#a8813d,,,,
Pale Yellow\White,#ffff99,#ffffff,,,,
Pale Yellow\Black,#ffff99,#000000,,,,
Pale Yellow\Grey,#ffff99,#999999,,,,
Pale Yellow\Baby Blue,#ffff99,#ccffff,,,,
Pale Yellow\Light Grey,#ffff99,#cccccc,,,,
Pale Yellow\Light Green,#ffff99,#99ff99,,,,
Pale Yellow\Rose Gold,#ffff99,#ffcc99,,,,
Pale Yellow\Forest Green,#ffff99,#336633,,,,
Pale Yellow\Beige,#ffff99,#ffffcc,,,,
Pale Yellow\Hot Pink,#ffff99,#ff66cc,,,,
Pale Yellow\Maroon,#ffff99,#990033,,,,
Pale Yellow\Red-Orange,#ffff99,#cc3300,,,,
Pale Yellow\Light Grey,#ffff99,#cccccc,,,,
Pale Yellow\Slate,#ffff99,#333333,,,,
Maroon\Red,#990033,#ff0000,,,,
Maroon\Blue,#990033,#0000ff,,,,
Maroon\Green,#990033,#009900,,,,
Maroon\Orange,#990033,#ff9900,,,,
Maroon\Yellow,#990033,#ffff00,,,,
Maroon\Pink,#990033,#ffcccc,,,,
Maroon\Purple,#990033,#990099,,,,
Maroon\Violet,#990033,#9966ff,,,,
Maroon\Turquoise,#990033,#00cccc,,,,
Maroon\Gold,#990033,#ffcc00,,,,
Maroon\Lime,#990033,#00ff00,,,,
Maroon\Aqua,#990033,#00ffff,,,,
Maroon\Navy,#990033,#000099,,,,
Maroon\Coral,#990033,#ff9966,,,,
Maroon\Teal,#990033,#009999,,,,
Maroon\Brown,#990033,#a8813d,,,,
Maroon\White,#990033,#ffffff,,,,
Maroon\Black,#990033,#000000,,,,
Maroon\Grey,#990033,#999999,,,,
Maroon\Baby Blue,#990033,#ccffff,,,,
Maroon\Light Grey,#990033,#cccccc,,,,
Maroon\Light Green,#990033,#99ff99,,,,
Maroon\Rose Gold,#990033,#ffcc99,,,,
Maroon\Forest Green,#990033,#336633,,,,
Maroon\Beige,#990033,#ffffcc,,,,
Maroon\Hot Pink,#990033,#ff66cc,,,,
Maroon\Pale Yellow,#990033,#ffff99,,,,
Maroon\Red-Orange,#990033,#cc3300,,,,
Maroon\Light Grey,#990033,#cccccc,,,,
Maroon\Slate,#990033,#333333,,,,
Red-Orange\Red,#cc3300,#ff0000,,,,
Red-Orange\Blue,#cc3300,#0000ff,,,,
Red-Orange\Green,#cc3300,#009900,,,,
Red-Orange\Orange,#cc3300,#ff9900,,,,
Red-Orange\Yellow,#cc3300,#ffff00,,,,
Red-Orange\Pink,#cc3300,#ffcccc,,,,
Red-Orange\Purple,#cc3300,#990099,,,,
Red-Orange\Violet,#cc3300,#9966ff,,,,
Red-Orange\Turquoise,#cc3300,#00cccc,,,,
Red-Orange\Gold,#cc3300,#ffcc00,,,,
Red-Orange\Lime,#cc3300,#00ff00,,,,
Red-Orange\Aqua,#cc3300,#00ffff,,,,
Red-Orange\Navy,#cc3300,#000099,,,,
Red-Orange\Coral,#cc3300,#ff9966,,,,
Red-Orange\Teal,#cc3300,#009999,,,,
Red-Orange\Brown,#cc3300,#a8813d,,,,
Red-Orange\White,#cc3300,#ffffff,,,,
Red-Orange\Black,#cc3300,#000000,,,,
Red-Orange\Grey,#cc3300,#999999,,,,
Red-Orange\Baby Blue,#cc3300,#ccffff,,,,
Red-Orange\Light Grey,#cc3300,#cccccc,,,,
Red-Orange\Light Green,#cc3300,#99ff99,,,,
Red-Orange\Rose Gold,#cc3300,#ffcc99,,,,
Red-Orange\Forest Green,#cc3300,#336633,,,,
Red-Orange\Beige,#cc3300,#ffffcc,,,,
Red-Orange\Hot Pink,#cc3300,#ff66cc,,,,
Red-Orange\Pale Yellow,#cc3300,#ffff99,,,,
Red-Orange\Maroon,#cc3300,#990033,,,,
Red-Orange\Light Grey,#cc3300,#cccccc,,,,
Red-Orange\Slate,#cc3300,#333333,,,,
Light Grey\Red,#cccccc,#ff0000,,,,
Light Grey\Blue,#cccccc,#0000ff,,,,
Light Grey\Green,#cccccc,#009900,,,,
Light Grey\Orange,#cccccc,#ff9900,,,,
Light Grey\Yellow,#cccccc,#ffff00,,,,
Light Grey\Pink,#cccccc,#ffcccc,,,,
Light Grey\Purple,#cccccc,#990099,,,,
Light Grey\Violet,#cccccc,#9966ff,,,,
Light Grey\Turquoise,#cccccc,#00cccc,,,,
Light Grey\Gold,#cccccc,#ffcc00,,,,
Light Grey\Lime,#cccccc,#00ff00,,,,
Light Grey\Aqua,#cccccc,#00ffff,,,,
Light Grey\Navy,#cccccc,#000099,,,,
Light Grey\Coral,#cccccc,#ff9966,,,,
Light Grey\Teal,#cccccc,#009999,,,,
Light Grey\Brown,#cccccc,#a8813d,,,,
Light Grey\White,#cccccc,#ffffff,,,,
Light Grey\Black,#cccccc,#000000,,,,
Light Grey\Grey,#cccccc,#999999,,,,
Light Grey\Baby Blue,#cccccc,#ccffff,,,,
Light Grey\Light Grey,#cccccc,#cccccc,,,,
Light Grey\Light Green,#cccccc,#99ff99,,,,
Light Grey\Rose Gold,#cccccc,#ffcc99,,,,
Light Grey\Forest Green,#cccccc,#336633,,,,
Light Grey\Beige,#cccccc,#ffffcc,,,,
Light Grey\Hot Pink,#cccccc,#ff66cc,,,,
Light Grey\Pale Yellow,#cccccc,#ffff99,,,,
Light Grey\Maroon,#cccccc,#990033,,,,
Light Grey\Red-Orange,#cccccc,#cc3300,,,,
Light Grey\Slate,#cccccc,#333333,,,,
Slate\Red,#333333,#ff0000,,,,
Slate\Blue,#333333,#0000ff,,,,
Slate\Green,#333333,#009900,,,,
Slate\Orange,#333333,#ff9900,,,,
Slate\Yellow,#333333,#ffff00,,,,
Slate\Pink,#333333,#ffcccc,,,,
Slate\Purple,#333333,#990099,,,,
Slate\Violet,#333333,#9966ff,,,,
Slate\Turquoise,#333333,#00cccc,,,,
Slate\Gold,#333333,#ffcc00,,,,
Slate\Lime,#333333,#00ff00,,,,
Slate\Aqua,#333333,#00ffff,,,,
Slate\Navy,#333333,#000099,,,,
Slate\Coral,#333333,#ff9966,,,,
Slate\Teal,#333333,#009999,,,,
Slate\Brown,#333333,#a8813d,,,,
Slate\White,#333333,#ffffff,,,,
Slate\Black,#333333,#000000,,,,
Slate\Grey,#333333,#999999,,,,
Slate\Baby Blue,#333333,#ccffff,,,,
Slate\Light Grey,#333333,#cccccc,,,,
Slate\Light Green,#333333,#99ff99,,,,
Slate\Rose Gold,#333333,#ffcc99,,,,
Slate\Forest Green,#333333,#336633,,,,
Slate\Beige,#333333,#ffffcc,,,,
Slate\Hot Pink,#333333,#ff66cc,,,,
Slate\Pale Yellow,#333333,#ffff99,,,,
Slate\Maroon,#333333,#990033,,,,
Slate\Red-Orange,#333333,#cc3300,,,,
Slate\Light Grey,#333333,#cccccc,,,,
